"sort_order","official_rank","player_name","team","total_points","matches","sets","attack_points","block_points","serve_points","season","competition","stat_table","source_url","accessed_date","notes","points_per_set","attack_points_per_set","block_points_per_set","serve_points_per_set","attack_share","block_share","serve_share","share_sum","archetype_1_prob","archetype_2_prob","archetype_3_prob","archetype_id","archetype_name","max_membership_probability"
1,1,"Dmitriy Muserskiy","SUNTORY SUNBIRDS OSAKA",729,37,125,598,82,49,"2024-25","SV.LEAGUE MEN","Past Season Stats - Total Points Scored","https://www.svleague.jp/en/sv_men/recordn/player_ranking_by_season?leg=%E9%80%9A%E7%AE%97&ranking_type=11&round=402&season=754","2026-04-01","Top-50 cutoff defined as rows 1-50 of the official Total Points Scored ranking table.",5.832,4.784,0.656,0.392,0.820301783264746,0.112482853223594,0.0672153635116598,1,1,6.09752501994912e-24,1.85994080083837e-122,1,"Volume Attackers",1
2,2,"Stephen Boyer","JTEKT STINGS AICHI",705,38,140,608,71,26,"2024-25","SV.LEAGUE MEN","Past Season Stats - Total Points Scored","https://www.svleague.jp/en/sv_men/recordn/player_ranking_by_season?leg=%E9%80%9A%E7%AE%97&ranking_type=11&round=402&season=754","2026-04-01","Top-50 cutoff defined as rows 1-50 of the official Total Points Scored ranking table.",5.03571428571429,4.34285714285714,0.507142857142857,0.185714285714286,0.862411347517731,0.100709219858156,0.0368794326241135,1,1,1.24323296997184e-19,1.38984523343269e-108,1,"Volume Attackers",1
3,3,"Bartosz Kurek","Tokyo Great Bears",644,34,132,563,61,20,"2024-25","SV.LEAGUE MEN","Past Season Stats - Total Points Scored","https://www.svleague.jp/en/sv_men/recordn/player_ranking_by_season?leg=%E9%80%9A%E7%AE%97&ranking_type=11&round=402&season=754","2026-04-01","Top-50 cutoff defined as rows 1-50 of the official Total Points Scored ranking table.",4.87878787878788,4.26515151515152,0.462121212121212,0.151515151515152,0.874223602484472,0.0947204968944099,0.031055900621118,1,1,3.98186998029e-19,1.90211831131021e-106,1,"Volume Attackers",1
4,4,"Miyaura Kento","WOLFDOGS NAGOYA",611,38,146,523,42,46,"2024-25","SV.LEAGUE MEN","Past Season Stats - Total Points Scored","https://www.svleague.jp/en/sv_men/recordn/player_ranking_by_season?leg=%E9%80%9A%E7%AE%97&ranking_type=11&round=402&season=754","2026-04-01","Top-50 cutoff defined as rows 1-50 of the official Total Points Scored ranking table.",4.18493150684932,3.58219178082192,0.287671232876712,0.315068493150685,0.855973813420622,0.0687397708674304,0.0752864157119476,1,0.999999999999997,2.8238799196067e-15,9.78110676507103e-78,1,"Volume Attackers",0.999999999999997
5,5,"Torey Defalco","JTEKT STINGS AICHI",583,36,115,500,45,38,"2024-25","SV.LEAGUE MEN","Past Season Stats - Total Points Scored","https://www.svleague.jp/en/sv_men/recordn/player_ranking_by_season?leg=%E9%80%9A%E7%AE%97&ranking_type=11&round=402&season=754","2026-04-01","Top-50 cutoff defined as rows 1-50 of the official Total Points Scored ranking table.",5.0695652173913,4.34782608695652,0.391304347826087,0.330434782608696,0.857632933104631,0.0771869639794168,0.065180102915952,1,1,6.25892236952188e-21,7.99476684503478e-103,1,"Volume Attackers",1
6,6,"Chang Yu-Sheng","VOREAS HOKKAIDO",568,38,130,483,56,29,"2024-25","SV.LEAGUE MEN","Past Season Stats - Total Points Scored","https://www.svleague.jp/en/sv_men/recordn/player_ranking_by_season?leg=%E9%80%9A%E7%AE%97&ranking_type=11&round=402&season=754","2026-04-01","Top-50 cutoff defined as rows 1-50 of the official Total Points Scored ranking table.",4.36923076923077,3.71538461538462,0.430769230769231,0.223076923076923,0.850352112676056,0.0985915492957746,0.051056338028169,1,0.999999999999991,8.96119695285255e-15,4.76971572348637e-87,1,"Volume Attackers",0.999999999999991
7,7,"Tommaso Rinaldi","NIPPON STEEL SAKAI BLAZERS",566,38,127,496,37,33,"2024-25","SV.LEAGUE MEN","Past Season Stats - Total Points Scored","https://www.svleague.jp/en/sv_men/recordn/player_ranking_by_season?leg=%E9%80%9A%E7%AE%97&ranking_type=11&round=402&season=754","2026-04-01","Top-50 cutoff defined as rows 1-50 of the official Total Points Scored ranking table.",4.45669291338583,3.90551181102362,0.291338582677165,0.259842519685039,0.876325088339223,0.0653710247349823,0.0583038869257951,1,1,1.02881471088808e-17,2.76781669057075e-89,1,"Volume Attackers",1
8,8,"Nishida Yuji","OSAKA BLUTEON",565,38,128,467,50,48,"2024-25","SV.LEAGUE MEN","Past Season Stats - Total Points Scored","https://www.svleague.jp/en/sv_men/recordn/player_ranking_by_season?leg=%E9%80%9A%E7%AE%97&ranking_type=11&round=402&season=754","2026-04-01","Top-50 cutoff defined as rows 1-50 of the official Total Points Scored ranking table.",4.4140625,3.6484375,0.390625,0.375,0.826548672566372,0.0884955752212389,0.0849557522123894,1,0.999999999999982,1.79363165563568e-14,9.87560761687145e-79,1,"Volume Attackers",0.999999999999982
9,9,"Takahashi Ran","SUNTORY SUNBIRDS OSAKA",564,38,133,468,46,50,"2024-25","SV.LEAGUE MEN","Past Season Stats - Total Points Scored","https://www.svleague.jp/en/sv_men/recordn/player_ranking_by_season?leg=%E9%80%9A%E7%AE%97&ranking_type=11&round=402&season=754","2026-04-01","Top-50 cutoff defined as rows 1-50 of the official Total Points Scored ranking table.",4.2406015037594,3.5187969924812,0.345864661654135,0.37593984962406,0.829787234042553,0.0815602836879433,0.0886524822695035,1,0.999999999999932,6.7967378980475e-14,4.1135600993455e-74,1,"Volume Attackers",0.999999999999932
10,10,"Felipe Moreira Roque","HIROSHIMA THUNDERS",543,38,130,446,63,34,"2024-25","SV.LEAGUE MEN","Past Season Stats - Total Points Scored","https://www.svleague.jp/en/sv_men/recordn/player_ranking_by_season?leg=%E9%80%9A%E7%AE%97&ranking_type=11&round=402&season=754","2026-04-01","Top-50 cutoff defined as rows 1-50 of the official Total Points Scored ranking table.",4.17692307692308,3.43076923076923,0.484615384615385,0.261538461538462,0.821362799263352,0.116022099447514,0.0626151012891344,1,0.999999999974216,2.57844240282365e-11,3.29152164835047e-77,1,"Volume Attackers",0.999999999974216
11,11,"Cooper Robinson","HIROSHIMA THUNDERS",538,35,122,451,57,30,"2024-25","SV.LEAGUE MEN","Past Season Stats - Total Points Scored","https://www.svleague.jp/en/sv_men/recordn/player_ranking_by_season?leg=%E9%80%9A%E7%AE%97&ranking_type=11&round=402&season=754","2026-04-01","Top-50 cutoff defined as rows 1-50 of the official Total Points Scored ranking table.",4.40983606557377,3.69672131147541,0.467213114754098,0.245901639344262,0.838289962825279,0.105947955390335,0.0557620817843866,1,0.99999999999996,4.05194357679976e-14,6.56111402814978e-86,1,"Volume Attackers",0.99999999999996
12,12,"Ulrik Dahl","NIPPON STEEL SAKAI BLAZERS",533,38,128,455,36,42,"2024-25","SV.LEAGUE MEN","Past Season Stats - Total Points Scored","https://www.svleague.jp/en/sv_men/recordn/player_ranking_by_season?leg=%E9%80%9A%E7%AE%97&ranking_type=11&round=402&season=754","2026-04-01","Top-50 cutoff defined as rows 1-50 of the official Total Points Scored ranking table.",4.1640625,3.5546875,0.28125,0.328125,0.853658536585366,0.0675422138836773,0.0787992495309568,1,0.999999999999996,4.15905878885289e-15,2.58553801715437e-76,1,"Volume Attackers",0.999999999999996
13,13,"Mart Tammearu","VOREAS HOKKAIDO",526,38,139,458,30,38,"2024-25","SV.LEAGUE MEN","Past Season Stats - Total Points Scored","https://www.svleague.jp/en/sv_men/recordn/player_ranking_by_season?leg=%E9%80%9A%E7%AE%97&ranking_type=11&round=402&season=754","2026-04-01","Top-50 cutoff defined as rows 1-50 of the official Total Points Scored ranking table.",3.7841726618705,3.29496402877698,0.215827338129496,0.273381294964029,0.870722433460076,0.0570342205323194,0.0722433460076046,1,0.999999999999956,4.3764019943542e-14,1.42695913987217e-70,1,"Volume Attackers",0.999999999999956
14,14,"Miguel Lopez","OSAKA BLUTEON",511,36,115,461,20,30,"2024-25","SV.LEAGUE MEN","Past Season Stats - Total Points Scored","https://www.svleague.jp/en/sv_men/recordn/player_ranking_by_season?leg=%E9%80%9A%E7%AE%97&ranking_type=11&round=402&season=754","2026-04-01","Top-50 cutoff defined as rows 1-50 of the official Total Points Scored ranking table.",4.44347826086956,4.00869565217391,0.173913043478261,0.260869565217391,0.902152641878669,0.0391389432485323,0.0587084148727984,1,1,5.06701474554573e-19,9.96097042371208e-90,1,"Volume Attackers",1
15,14,"Matthew Neaves","VC NAGANO TRIDENTS",511,34,114,446,34,31,"2024-25","SV.LEAGUE MEN","Past Season Stats - Total Points Scored","https://www.svleague.jp/en/sv_men/recordn/player_ranking_by_season?leg=%E9%80%9A%E7%AE%97&ranking_type=11&round=402&season=754","2026-04-01","Top-50 cutoff defined as rows 1-50 of the official Total Points Scored ranking table.",4.48245614035088,3.91228070175439,0.298245614035088,0.271929824561404,0.87279843444227,0.0665362035225049,0.060665362035225,1,1,9.83187619920088e-18,3.49960213142926e-89,1,"Volume Attackers",1
16,16,"Luciano Vicentin","Tokyo Great Bears",505,33,121,434,40,31,"2024-25","SV.LEAGUE MEN","Past Season Stats - Total Points Scored","https://www.svleague.jp/en/sv_men/recordn/player_ranking_by_season?leg=%E9%80%9A%E7%AE%97&ranking_type=11&round=402&season=754","2026-04-01","Top-50 cutoff defined as rows 1-50 of the official Total Points Scored ranking table.",4.17355371900826,3.58677685950413,0.330578512396694,0.256198347107438,0.859405940594059,0.0792079207920792,0.0613861386138614,1,0.999999999999994,6.50324306584173e-15,7.36538394299927e-81,1,"Volume Attackers",0.999999999999994
17,17,"Mizumachi Taito","WOLFDOGS NAGOYA",464,37,134,386,24,54,"2024-25","SV.LEAGUE MEN","Past Season Stats - Total Points Scored","https://www.svleague.jp/en/sv_men/recordn/player_ranking_by_season?leg=%E9%80%9A%E7%AE%97&ranking_type=11&round=402&season=754","2026-04-01","Top-50 cutoff defined as rows 1-50 of the official Total Points Scored ranking table.",3.46268656716418,2.88059701492537,0.17910447761194,0.402985074626866,0.831896551724138,0.0517241379310345,0.116379310344828,1,0.999999999952906,4.70941294433869e-11,4.98773457283764e-52,1,"Volume Attackers",0.999999999952906
18,18,"Arai Yudai","HIROSHIMA THUNDERS",409,38,128,359,26,24,"2024-25","SV.LEAGUE MEN","Past Season Stats - Total Points Scored","https://www.svleague.jp/en/sv_men/recordn/player_ranking_by_season?leg=%E9%80%9A%E7%AE%97&ranking_type=11&round=402&season=754","2026-04-01","Top-50 cutoff defined as rows 1-50 of the official Total Points Scored ranking table.",3.1953125,2.8046875,0.203125,0.1875,0.877750611246944,0.0635696821515892,0.058679706601467,1,0.999999999986596,1.34043366832369e-11,3.65447576108027e-63,1,"Volume Attackers",0.999999999986596
19,19,"Goto Rikuto","Tokyo Great Bears",394,36,131,339,42,13,"2024-25","SV.LEAGUE MEN","Past Season Stats - Total Points Scored","https://www.svleague.jp/en/sv_men/recordn/player_ranking_by_season?leg=%E9%80%9A%E7%AE%97&ranking_type=11&round=402&season=754","2026-04-01","Top-50 cutoff defined as rows 1-50 of the official Total Points Scored ranking table.",3.00763358778626,2.58778625954198,0.320610687022901,0.099236641221374,0.860406091370558,0.106598984771574,0.032994923857868,1,0.999999975399477,2.46005226624863e-08,7.3112452224495e-65,1,"Volume Attackers",0.999999975399477
20,19,"Egor Kliuka","SUNTORY SUNBIRDS OSAKA",394,36,116,318,52,24,"2024-25","SV.LEAGUE MEN","Past Season Stats - Total Points Scored","https://www.svleague.jp/en/sv_men/recordn/player_ranking_by_season?leg=%E9%80%9A%E7%AE%97&ranking_type=11&round=402&season=754","2026-04-01","Top-50 cutoff defined as rows 1-50 of the official Total Points Scored ranking table.",3.39655172413793,2.74137931034483,0.448275862068966,0.206896551724138,0.807106598984772,0.131979695431472,0.0609137055837563,1,0.999989259824769,1.07401752308773e-05,7.87385351179877e-60,1,"Volume Attackers",0.999989259824769
21,21,"Takanashi Kenta","NIPPON STEEL SAKAI BLAZERS",371,38,127,330,25,16,"2024-25","SV.LEAGUE MEN","Past Season Stats - Total Points Scored","https://www.svleague.jp/en/sv_men/recordn/player_ranking_by_season?leg=%E9%80%9A%E7%AE%97&ranking_type=11&round=402&season=754","2026-04-01","Top-50 cutoff defined as rows 1-50 of the official Total Points Scored ranking table.",2.92125984251969,2.59842519685039,0.196850393700787,0.125984251968504,0.889487870619946,0.0673854447439353,0.0431266846361186,1,0.999999999920673,7.93274585606965e-11,4.6048517857304e-63,1,"Volume Attackers",0.999999999920673
22,21,"Kudo Yuji","VC NAGANO TRIDENTS",371,38,126,310,30,31,"2024-25","SV.LEAGUE MEN","Past Season Stats - Total Points Scored","https://www.svleague.jp/en/sv_men/recordn/player_ranking_by_season?leg=%E9%80%9A%E7%AE%97&ranking_type=11&round=402&season=754","2026-04-01","Top-50 cutoff defined as rows 1-50 of the official Total Points Scored ranking table.",2.94444444444444,2.46031746031746,0.238095238095238,0.246031746031746,0.835579514824798,0.0808625336927224,0.0835579514824798,1,0.999999982960547,1.70394534294767e-08,9.55083444354732e-51,1,"Volume Attackers",0.999999982960547
23,23,"Tomita Shoma","OSAKA BLUTEON",352,38,133,296,34,22,"2024-25","SV.LEAGUE MEN","Past Season Stats - Total Points Scored","https://www.svleague.jp/en/sv_men/recordn/player_ranking_by_season?leg=%E9%80%9A%E7%AE%97&ranking_type=11&round=402&season=754","2026-04-01","Top-50 cutoff defined as rows 1-50 of the official Total Points Scored ranking table.",2.64661654135338,2.22556390977444,0.255639097744361,0.165413533834586,0.840909090909091,0.0965909090909091,0.0625,1,0.999999674415262,3.25584738049114e-07,1.771414905347e-51,1,"Volume Attackers",0.999999674415262
24,24,"Fujinaka Kenya","JTEKT STINGS AICHI",351,38,143,308,39,4,"2024-25","SV.LEAGUE MEN","Past Season Stats - Total Points Scored","https://www.svleague.jp/en/sv_men/recordn/player_ranking_by_season?leg=%E9%80%9A%E7%AE%97&ranking_type=11&round=402&season=754","2026-04-01","Top-50 cutoff defined as rows 1-50 of the official Total Points Scored ranking table.",2.45454545454545,2.15384615384615,0.272727272727273,0.027972027972028,0.877492877492878,0.111111111111111,0.0113960113960114,1,0.999999534306969,4.65693031146189e-07,2.0898079003198e-63,1,"Volume Attackers",0.999999534306969
25,25,"Timo Tammemaa","VOREAS HOKKAIDO",348,38,141,232,87,29,"2024-25","SV.LEAGUE MEN","Past Season Stats - Total Points Scored","https://www.svleague.jp/en/sv_men/recordn/player_ranking_by_season?leg=%E9%80%9A%E7%AE%97&ranking_type=11&round=402&season=754","2026-04-01","Top-50 cutoff defined as rows 1-50 of the official Total Points Scored ranking table.",2.46808510638298,1.64539007092199,0.617021276595745,0.205673758865248,0.666666666666667,0.25,0.0833333333333333,1,1.12128988446248e-22,1,9.90035282298207e-35,2,"Balanced Scorers",1
26,26,"Miwa Hiromasa","HIROSHIMA THUNDERS",304,38,133,219,71,14,"2024-25","SV.LEAGUE MEN","Past Season Stats - Total Points Scored","https://www.svleague.jp/en/sv_men/recordn/player_ranking_by_season?leg=%E9%80%9A%E7%AE%97&ranking_type=11&round=402&season=754","2026-04-01","Top-50 cutoff defined as rows 1-50 of the official Total Points Scored ranking table.",2.28571428571429,1.64661654135338,0.533834586466165,0.105263157894737,0.720394736842105,0.233552631578947,0.0460526315789474,1,3.86640961124869e-15,0.999999999999996,6.39200891896443e-44,2,"Balanced Scorers",0.999999999999996
27,27,"Norbert Huber","WOLFDOGS NAGOYA",293,32,121,194,84,15,"2024-25","SV.LEAGUE MEN","Past Season Stats - Total Points Scored","https://www.svleague.jp/en/sv_men/recordn/player_ranking_by_season?leg=%E9%80%9A%E7%AE%97&ranking_type=11&round=402&season=754","2026-04-01","Top-50 cutoff defined as rows 1-50 of the official Total Points Scored ranking table.",2.42148760330579,1.60330578512397,0.694214876033058,0.12396694214876,0.662116040955631,0.286689419795222,0.0511945392491468,1,2.86037631612816e-28,1,1.35158126375308e-41,2,"Balanced Scorers",1
28,28,"Tsai Peichang","NIPPON STEEL SAKAI BLAZERS",288,35,131,215,66,7,"2024-25","SV.LEAGUE MEN","Past Season Stats - Total Points Scored","https://www.svleague.jp/en/sv_men/recordn/player_ranking_by_season?leg=%E9%80%9A%E7%AE%97&ranking_type=11&round=402&season=754","2026-04-01","Top-50 cutoff defined as rows 1-50 of the official Total Points Scored ranking table.",2.19847328244275,1.6412213740458,0.50381679389313,0.0534351145038168,0.746527777777778,0.229166666666667,0.0243055555555556,1,1.7563612151515e-12,0.999999999998244,1.42273287450681e-49,2,"Balanced Scorers",0.999999999998244
29,29,"Evbade-Dan Larry IK","OSAKA BLUTEON",280,38,123,202,58,20,"2024-25","SV.LEAGUE MEN","Past Season Stats - Total Points Scored","https://www.svleague.jp/en/sv_men/recordn/player_ranking_by_season?leg=%E9%80%9A%E7%AE%97&ranking_type=11&round=402&season=754","2026-04-01","Top-50 cutoff defined as rows 1-50 of the official Total Points Scored ranking table.",2.27642276422764,1.64227642276423,0.471544715447154,0.16260162601626,0.721428571428571,0.207142857142857,0.0714285714285714,1,4.58567093973797e-12,0.999999999995414,1.4715960231775e-37,2,"Balanced Scorers",0.999999999995414
30,30,"Shigeto Tobiastakeshi","TORAY ARROWS SHIZUOKA",273,36,110,234,25,14,"2024-25","SV.LEAGUE MEN","Past Season Stats - Total Points Scored","https://www.svleague.jp/en/sv_men/recordn/player_ranking_by_season?leg=%E9%80%9A%E7%AE%97&ranking_type=11&round=402&season=754","2026-04-01","Top-50 cutoff defined as rows 1-50 of the official Total Points Scored ranking table.",2.48181818181818,2.12727272727273,0.227272727272727,0.127272727272727,0.857142857142857,0.0915750915750916,0.0512820512820513,1,0.999999906283345,9.37166545147852e-08,3.60492216331473e-53,1,"Volume Attackers",0.999999906283345
31,31,"Onodera Taishi","SUNTORY SUNBIRDS OSAKA",257,37,128,180,58,19,"2024-25","SV.LEAGUE MEN","Past Season Stats - Total Points Scored","https://www.svleague.jp/en/sv_men/recordn/player_ranking_by_season?leg=%E9%80%9A%E7%AE%97&ranking_type=11&round=402&season=754","2026-04-01","Top-50 cutoff defined as rows 1-50 of the official Total Points Scored ranking table.",2.0078125,1.40625,0.453125,0.1484375,0.700389105058366,0.22568093385214,0.0739299610894942,1,1.45234833114084e-16,1,7.26519601359755e-34,2,"Balanced Scorers",1
32,32,"Nishimoto Keigo","HIROSHIMA THUNDERS",249,37,126,166,65,18,"2024-25","SV.LEAGUE MEN","Past Season Stats - Total Points Scored","https://www.svleague.jp/en/sv_men/recordn/player_ranking_by_season?leg=%E9%80%9A%E7%AE%97&ranking_type=11&round=402&season=754","2026-04-01","Top-50 cutoff defined as rows 1-50 of the official Total Points Scored ranking table.",1.97619047619048,1.31746031746032,0.515873015873016,0.142857142857143,0.666666666666667,0.261044176706827,0.072289156626506,1,9.19943159421932e-25,1,1.16267861578698e-32,2,"Balanced Scorers",1
33,33,"Taylor Averill","TORAY ARROWS SHIZUOKA",230,38,122,163,57,10,"2024-25","SV.LEAGUE MEN","Past Season Stats - Total Points Scored","https://www.svleague.jp/en/sv_men/recordn/player_ranking_by_season?leg=%E9%80%9A%E7%AE%97&ranking_type=11&round=402&season=754","2026-04-01","Top-50 cutoff defined as rows 1-50 of the official Total Points Scored ranking table.",1.88524590163934,1.33606557377049,0.467213114754098,0.0819672131147541,0.708695652173913,0.247826086956522,0.0434782608695652,1,1.72487705006304e-18,1,1.269402328084e-40,2,"Balanced Scorers",1
34,33,"Watanabe Cole","NIPPON STEEL SAKAI BLAZERS",230,37,135,156,63,11,"2024-25","SV.LEAGUE MEN","Past Season Stats - Total Points Scored","https://www.svleague.jp/en/sv_men/recordn/player_ranking_by_season?leg=%E9%80%9A%E7%AE%97&ranking_type=11&round=402&season=754","2026-04-01","Top-50 cutoff defined as rows 1-50 of the official Total Points Scored ranking table.",1.7037037037037,1.15555555555556,0.466666666666667,0.0814814814814815,0.678260869565217,0.273913043478261,0.0478260869565217,1,2.65728330925982e-25,1,6.7835503583484e-37,2,"Balanced Scorers",1
35,35,"Sato Shunichiro","WOLFDOGS NAGOYA",218,34,117,166,39,13,"2024-25","SV.LEAGUE MEN","Past Season Stats - Total Points Scored","https://www.svleague.jp/en/sv_men/recordn/player_ranking_by_season?leg=%E9%80%9A%E7%AE%97&ranking_type=11&round=402&season=754","2026-04-01","Top-50 cutoff defined as rows 1-50 of the official Total Points Scored ranking table.",1.86324786324786,1.41880341880342,0.333333333333333,0.111111111111111,0.761467889908257,0.178899082568807,0.0596330275229358,1,3.37135820022276e-06,0.9999966286418,8.52510673228136e-38,2,"Balanced Scorers",0.9999966286418
36,36,"Miyoshi Keisuke","VOREAS HOKKAIDO",217,36,125,136,58,23,"2024-25","SV.LEAGUE MEN","Past Season Stats - Total Points Scored","https://www.svleague.jp/en/sv_men/recordn/player_ranking_by_season?leg=%E9%80%9A%E7%AE%97&ranking_type=11&round=402&season=754","2026-04-01","Top-50 cutoff defined as rows 1-50 of the official Total Points Scored ranking table.",1.736,1.088,0.464,0.184,0.626728110599078,0.267281105990783,0.105990783410138,1,4.81988125788541e-31,1,2.31293080692607e-21,2,"Balanced Scorers",1
37,37,"Yanagida Masahiro","Tokyo Great Bears",191,38,111,165,9,17,"2024-25","SV.LEAGUE MEN","Past Season Stats - Total Points Scored","https://www.svleague.jp/en/sv_men/recordn/player_ranking_by_season?leg=%E9%80%9A%E7%AE%97&ranking_type=11&round=402&season=754","2026-04-01","Top-50 cutoff defined as rows 1-50 of the official Total Points Scored ranking table.",1.72072072072072,1.48648648648649,0.0810810810810811,0.153153153153153,0.863874345549738,0.0471204188481675,0.0890052356020942,1,0.999999992158137,7.84186325399859e-09,2.74662458538196e-37,1,"Volume Attackers",0.999999992158137
38,38,"Yamada Koki","VC NAGANO TRIDENTS",187,36,121,144,28,15,"2024-25","SV.LEAGUE MEN","Past Season Stats - Total Points Scored","https://www.svleague.jp/en/sv_men/recordn/player_ranking_by_season?leg=%E9%80%9A%E7%AE%97&ranking_type=11&round=402&season=754","2026-04-01","Top-50 cutoff defined as rows 1-50 of the official Total Points Scored ranking table.",1.54545454545455,1.1900826446281,0.231404958677686,0.12396694214876,0.770053475935829,0.149732620320856,0.0802139037433155,1,0.0036908255868917,0.996309174413108,1.99723988441322e-30,2,"Balanced Scorers",0.996309174413108
39,39,"Ri Haku","TORAY ARROWS SHIZUOKA",175,38,108,126,41,8,"2024-25","SV.LEAGUE MEN","Past Season Stats - Total Points Scored","https://www.svleague.jp/en/sv_men/recordn/player_ranking_by_season?leg=%E9%80%9A%E7%AE%97&ranking_type=11&round=402&season=754","2026-04-01","Top-50 cutoff defined as rows 1-50 of the official Total Points Scored ranking table.",1.62037037037037,1.16666666666667,0.37962962962963,0.0740740740740741,0.72,0.234285714285714,0.0457142857142857,1,8.50099167801415e-16,0.999999999999999,1.8577618723344e-38,2,"Balanced Scorers",0.999999999999999
40,40,"Antoine Brizard","OSAKA BLUTEON",170,38,139,80,48,42,"2024-25","SV.LEAGUE MEN","Past Season Stats - Total Points Scored","https://www.svleague.jp/en/sv_men/recordn/player_ranking_by_season?leg=%E9%80%9A%E7%AE%97&ranking_type=11&round=402&season=754","2026-04-01","Top-50 cutoff defined as rows 1-50 of the official Total Points Scored ranking table.",1.22302158273381,0.575539568345324,0.345323741007194,0.302158273381295,0.470588235294118,0.282352941176471,0.247058823529412,1,1.18819494901874e-78,1.15439153557551e-16,1,3,"Block-Impact Scorers",1
41,41,"Oniki Ren","SUNTORY SUNBIRDS OSAKA",166,38,123,115,44,7,"2024-25","SV.LEAGUE MEN","Past Season Stats - Total Points Scored","https://www.svleague.jp/en/sv_men/recordn/player_ranking_by_season?leg=%E9%80%9A%E7%AE%97&ranking_type=11&round=402&season=754","2026-04-01","Top-50 cutoff defined as rows 1-50 of the official Total Points Scored ranking table.",1.34959349593496,0.934959349593496,0.357723577235772,0.0569105691056911,0.692771084337349,0.265060240963855,0.0421686746987952,1,1.93419879088821e-22,1,1.38840360477335e-36,2,"Balanced Scorers",1
42,42,"Murayama Go","Tokyo Great Bears",164,38,112,105,49,10,"2024-25","SV.LEAGUE MEN","Past Season Stats - Total Points Scored","https://www.svleague.jp/en/sv_men/recordn/player_ranking_by_season?leg=%E9%80%9A%E7%AE%97&ranking_type=11&round=402&season=754","2026-04-01","Top-50 cutoff defined as rows 1-50 of the official Total Points Scored ranking table.",1.46428571428571,0.9375,0.4375,0.0892857142857143,0.640243902439024,0.298780487804878,0.0609756097560976,1,1.46011200076698e-33,1,3.27118580330369e-30,2,"Balanced Scorers",1
43,43,"Kawaguchi Shuto","JTEKT STINGS AICHI",150,38,111,109,37,4,"2024-25","SV.LEAGUE MEN","Past Season Stats - Total Points Scored","https://www.svleague.jp/en/sv_men/recordn/player_ranking_by_season?leg=%E9%80%9A%E7%AE%97&ranking_type=11&round=402&season=754","2026-04-01","Top-50 cutoff defined as rows 1-50 of the official Total Points Scored ranking table.",1.35135135135135,0.981981981981982,0.333333333333333,0.036036036036036,0.726666666666667,0.246666666666667,0.0266666666666667,1,1.05611584423107e-16,1,7.18516164871739e-42,2,"Balanced Scorers",1
44,44,"Otake Issei","Tokyo Great Bears",148,38,120,95,40,13,"2024-25","SV.LEAGUE MEN","Past Season Stats - Total Points Scored","https://www.svleague.jp/en/sv_men/recordn/player_ranking_by_season?leg=%E9%80%9A%E7%AE%97&ranking_type=11&round=402&season=754","2026-04-01","Top-50 cutoff defined as rows 1-50 of the official Total Points Scored ranking table.",1.23333333333333,0.791666666666667,0.333333333333333,0.108333333333333,0.641891891891892,0.27027027027027,0.0878378378378378,1,3.4845894708292e-29,1,8.28471408699966e-23,2,"Balanced Scorers",1
45,45,"Ito Riku","Tokyo Great Bears",140,38,120,94,30,16,"2024-25","SV.LEAGUE MEN","Past Season Stats - Total Points Scored","https://www.svleague.jp/en/sv_men/recordn/player_ranking_by_season?leg=%E9%80%9A%E7%AE%97&ranking_type=11&round=402&season=754","2026-04-01","Top-50 cutoff defined as rows 1-50 of the official Total Points Scored ranking table.",1.16666666666667,0.783333333333333,0.25,0.133333333333333,0.671428571428571,0.214285714285714,0.114285714285714,1,9.7799994906292e-19,1,6.45431641132195e-18,2,"Balanced Scorers",1
46,46,"Daniel Martinez Campos","HIROSHIMA THUNDERS",86,38,105,69,9,8,"2024-25","SV.LEAGUE MEN","Past Season Stats - Total Points Scored","https://www.svleague.jp/en/sv_men/recordn/player_ranking_by_season?leg=%E9%80%9A%E7%AE%97&ranking_type=11&round=402&season=754","2026-04-01","Top-50 cutoff defined as rows 1-50 of the official Total Points Scored ranking table.",0.819047619047619,0.657142857142857,0.0857142857142857,0.0761904761904762,0.802325581395349,0.104651162790698,0.0930232558139535,1,0.999590908208468,0.000409091791532414,5.06008337659423e-27,1,"Volume Attackers",0.999590908208468
47,47,"Yamagishi Jun","VOREAS HOKKAIDO",64,38,139,20,25,19,"2024-25","SV.LEAGUE MEN","Past Season Stats - Total Points Scored","https://www.svleague.jp/en/sv_men/recordn/player_ranking_by_season?leg=%E9%80%9A%E7%AE%97&ranking_type=11&round=402&season=754","2026-04-01","Top-50 cutoff defined as rows 1-50 of the official Total Points Scored ranking table.",0.460431654676259,0.143884892086331,0.179856115107914,0.136690647482014,0.3125,0.390625,0.296875,1,4.02883876714002e-158,3.63160034453996e-39,1,3,"Block-Impact Scorers",1
48,48,"Shin Takahiro","TORAY ARROWS SHIZUOKA",60,38,136,33,11,16,"2024-25","SV.LEAGUE MEN","Past Season Stats - Total Points Scored","https://www.svleague.jp/en/sv_men/recordn/player_ranking_by_season?leg=%E9%80%9A%E7%AE%97&ranking_type=11&round=402&season=754","2026-04-01","Top-50 cutoff defined as rows 1-50 of the official Total Points Scored ranking table.",0.441176470588235,0.242647058823529,0.0808823529411765,0.117647058823529,0.55,0.183333333333333,0.266666666666667,1,4.7134750475519e-52,1.95199201114491e-17,1,3,"Block-Impact Scorers",1
49,49,"Sakashita Junya","HIROSHIMA THUNDERS",55,38,111,48,5,2,"2024-25","SV.LEAGUE MEN","Past Season Stats - Total Points Scored","https://www.svleague.jp/en/sv_men/recordn/player_ranking_by_season?leg=%E9%80%9A%E7%AE%97&ranking_type=11&round=402&season=754","2026-04-01","Top-50 cutoff defined as rows 1-50 of the official Total Points Scored ranking table.",0.495495495495495,0.432432432432432,0.045045045045045,0.018018018018018,0.872727272727273,0.0909090909090909,0.0363636363636364,1,0.999999989397821,1.0602178790715e-08,2.86767971339114e-45,1,"Volume Attackers",0.999999989397821
50,50,"Oya Masaki","NIPPON STEEL SAKAI BLAZERS",44,38,147,18,16,10,"2024-25","SV.LEAGUE MEN","Past Season Stats - Total Points Scored","https://www.svleague.jp/en/sv_men/recordn/player_ranking_by_season?leg=%E9%80%9A%E7%AE%97&ranking_type=11&round=402&season=754","2026-04-01","Top-50 cutoff defined as rows 1-50 of the official Total Points Scored ranking table.",0.299319727891156,0.122448979591837,0.108843537414966,0.0680272108843537,0.409090909090909,0.363636363636364,0.227272727272727,1,4.19065141147609e-109,1.02327119219561e-22,1,3,"Block-Impact Scorers",1
